folder,file,duration,rms,zcr,clipping_ratio,speech_len,silence_len,speech_ratio,num_segments,mean_segment_len
대출 사기형,1.mp3,83.382875,0.05040557,0.15828612906513814,0.0,63.096875,20.286,0.7567126343388855,24,2.629036458333333
대출 사기형,10.mp3,79.6676875,0.0948687,0.1673922251506024,0.0,68.7336875,10.933999999999997,0.862754896707652,14,4.909549107142857
대출 사기형,100.mp3,66.594875,0.062061027,0.09063808650036023,0.0,62.268875,4.3260000000000005,0.9350400462498053,10,6.2268875
대출 사기형,101.mp3,848.99125,0.08591205,0.10840092206404772,0.0,725.928,123.06325000000004,0.8550476815868243,198,3.6663030303030304
대출 사기형,102.mp3,131.680375,0.15009594,0.09252739879433916,0.0,109.332,22.348375000000004,0.8302831762136157,19,5.754315789473684
대출 사기형,103.mp3,154.900375,0.08902804,0.17945732899969014,8.069702865470791e-07,137.862375,17.03800000000001,0.8900067220624869,28,4.92365625
대출 사기형,104.mp3,488.3853125,0.08981667,0.16774973844018215,1.484483626849446e-05,458.516,29.869312499999978,0.9388406822737938,83,5.524289156626506
대출 사기형,105.mp3,305.760375,0.082508944,0.11375277149173295,0.0,248.716,57.044375,0.8134343765113449,85,2.9260705882352944
대출 사기형,106.mp3,383.524,0.034124702,0.18295828368773986,0.0,355.028,28.49599999999998,0.9256995650858878,51,6.961333333333334
대출 사기형,107.mp3,93.3616875,0.14272244,0.0962186817276388,8.033273820163115e-06,64.784,28.577687499999996,0.6939034815539298,36,1.7995555555555558
대출 사기형,108.mp3,128.05225,0.1569199,0.09836109777142679,0.0,114.628,13.424249999999986,0.895165840506512,23,4.983826086956522
대출 사기형,109.mp3,218.2791875,0.1397473,0.10079157104313251,0.0,189.252,29.027187499999997,0.8670180706073959,39,4.852615384615385
대출 사기형,11.mp3,509.979875,0.0696046,0.1564582173166217,0.0,405.064,104.91587499999997,0.7942744799488412,94,4.3091914893617025
대출 사기형,110.mp3,380.9959375,0.14344077,0.0854333486866969,0.0,340.696,40.2999375,0.8942247579739614,66,5.1620606060606065
대출 사기형,111.mp3,129.0710625,0.06241337,0.11062305849498016,0.0,90.2210625,38.85000000000001,0.6990030201386155,41,2.200513719512195
대출 사기형,112.mp3,273.8416875,0.052378714,0.0845412370004674,0.0,232.196,41.64568749999998,0.8479205708955472,63,3.6856507936507934
대출 사기형,113.mp3,243.0694375,0.048836313,0.09564983574825565,0.0,188.812,54.25743749999998,0.7767821489281227,37,5.103027027027028
대출 사기형,114.mp3,202.1878125,0.111987844,0.13868756119935907,0.0,121.764,80.42381250000001,0.602232144927133,71,1.7149859154929576
대출 사기형,115.mp3,90.227,0.089225136,0.12742530335771277,0.0,57.276,32.951,0.6347988961175701,25,2.29104
대출 사기형,116.mp3,123.062875,0.08823551,0.08742049877307592,0.0,114.708,8.354875000000007,0.9321088914914428,19,6.037263157894737
대출 사기형,117.mp3,105.11675,0.14703353,0.10005202387747336,1.7837309467806035e-06,94.10275,11.013999999999996,0.8952212658781783,26,3.6193365384615386
대출 사기형,118.mp3,42.1878125,0.035310786,0.1020163535348749,0.0,36.984,5.203812499999998,0.8766512840645625,10,3.6984000000000004
대출 사기형,119.mp3,405.5510625,0.09607102,0.11698184706387092,0.0,289.736,115.81506250000001,0.7144254491997539,102,2.840549019607843
대출 사기형,12.mp3,288.182875,0.062527664,0.09191430973101265,0.0,234.064,54.11887500000003,0.812206485204924,68,3.4421176470588235
대출 사기형,120.mp3,888.2678125,0.09147457,0.11601343680202818,9.147016120208679e-07,836.312,51.95581249999998,0.941508842526026,98,8.533795918367346
대출 사기형,121.mp3,101.124,0.035408054,0.15481404223347042,0.0,85.188,15.935999999999993,0.8424112970214787,15,5.6792
대출 사기형,122.mp3,98.899625,0.021228574,0.12223933900841152,0.0,83.016,15.883624999999995,0.8393965093396462,22,3.7734545454545456
대출 사기형,123.mp3,50.547,0.05449234,0.0977851191653481,0.0,34.2,16.346999999999994,0.6765980176865097,18,1.9000000000000001
대출 사기형,124.mp3,146.8604375,0.1292534,0.13481509140114378,0.0,141.36,5.500437499999975,0.9625464992912065,20,7.0680000000000005
대출 사기형,125.mp3,22.4914375,0.028273404,0.18371252111486486,0.0,18.18,4.3114375,0.8083076059500421,7,2.597142857142857
대출 사기형,126.mp3,89.2343125,0.109839536,0.21863812774515956,2.8016128885399324e-06,69.8,19.434312500000004,0.782210318480349,14,4.985714285714286
대출 사기형,127.mp3,24.6335,0.06359553,0.09700753348214286,0.0,21.4035,3.2300000000000004,0.8688777477824913,8,2.6754375
대출 사기형,128.mp3,34.9460625,0.03844656,0.09379690716491308,0.0,27.9240625,7.021999999999995,0.7990617684038082,12,2.3270052083333335
대출 사기형,129.mp3,44.1991875,0.25160012,0.0694292126447178,0.0,39.252,4.947187499999998,0.8880706234701713,11,3.5683636363636366
대출 사기형,13.mp3,259.6310625,0.022167202,0.10841408368252403,0.0,195.744,63.887062499999985,0.7539313598117714,88,2.2243636363636363
대출 사기형,130.mp3,118.8861875,0.08914374,0.11347164815157428,0.0,98.948,19.938187500000012,0.8322918084996206,31,3.1918709677419352
대출 사기형,131.mp3,241.9055,0.12702334,0.09606449187748016,3.6171149477791947e-06,238.356,3.5494999999999948,0.9853269148489803,11,21.66872727272727
대출 사기형,132.mp3,310.8571875,0.13101609,0.14085564566713846,0.003541819344292948,264.8831875,45.97399999999999,0.8521057197688248,86,3.0800370639534886
대출 사기형,133.mp3,386.5890625,0.03755685,0.11331018877783296,0.0,329.2,57.38906250000002,0.8515502168403949,60,5.486666666666666
대출 사기형,134.mp3,78.8114375,0.046909925,0.08902261279435647,0.0,69.816,8.995437499999994,0.8858612685500122,18,3.8786666666666667
대출 사기형,135.mp3,155.5273125,0.14070612,0.095062764381043,0.0,120.24,35.2873125,0.7731117966820137,44,2.7327272727272724
대출 사기형,136.mp3,82.6863125,0.13395871,0.09206217951818886,0.0,72.2683125,10.418000000000006,0.8740057491377426,21,3.441348214285714
대출 사기형,137.mp3,146.587625,0.054766476,0.08913909439123553,0.0,121.937625,24.650000000000006,0.8318411939616321,35,3.483932142857143
대출 사기형,138.mp3,246.15475,0.06166061,0.17339747528191213,0.0,242.62,3.5347500000000025,0.9856401308526446,9,26.95777777777778
대출 사기형,139.mp3,126.4094375,0.05449635,0.123584589937674,0.0,106.584,19.825437499999992,0.8431648942350527,26,4.099384615384616
대출 사기형,14.mp3,130.7980625,0.046247717,0.08434759987310421,0.0,119.96,10.838062499999992,0.9171389675592481,26,4.613846153846153
대출 사기형,140.mp3,166.9050625,0.11290183,0.09999206168519939,0.0,144.388,22.51706250000001,0.8650905960386911,31,4.6576774193548385
대출 사기형,141.mp3,521.10225,0.10974803,0.08234178907929075,0.0,461.152,59.95025000000004,0.8849549200756665,104,4.434153846153846
대출 사기형,142.mp3,116.030125,0.06393785,0.09753182311776062,0.0,96.964,19.066125,0.835679527191753,31,3.1278709677419356
대출 사기형,143.mp3,377.185,0.038323745,0.15050668913831863,0.0,321.656,55.528999999999996,0.8527804658191603,90,3.5739555555555556
대출 사기형,144.mp3,159.05675,0.05349471,0.12714004900296721,0.0,137.27075,21.786,0.8630300191598281,31,4.428088709677419
대출 사기형,145.mp3,883.9836875,0.09092644,0.09585333003393665,0.0,746.488,137.49568749999992,0.8444590217622088,194,3.847876288659794
대출 사기형,146.mp3,141.9668125,0.062882945,0.10817878246844714,0.0,126.948,15.01881250000001,0.8942089898651489,23,5.5194782608695645
대출 사기형,147.mp3,190.612625,0.11013592,0.09258237092391304,0.0,166.364,24.248625000000004,0.8727858398676372,25,6.65456
대출 사기형,148.mp3,80.968,0.05347804,0.14062789380432636,0.0,62.876,18.092000000000006,0.7765537002272502,33,1.9053333333333333
대출 사기형,149.mp3,276.7586875,0.08188087,0.16859387871791537,0.0,259.472,17.286687500000028,0.9375387719310526,36,7.207555555555555
대출 사기형,15.mp3,159.0335,0.096889816,0.12317538040744466,0.0,124.768,34.2655,0.7845391065404459,64,1.9495
대출 사기형,150.mp3,238.167125,0.069135495,0.1470096561996171,0.0,226.448,11.719124999999991,0.9507945313611188,28,8.087428571428571
대출 사기형,151.mp3,209.6298125,0.07479773,0.17309738017096626,0.0,174.184,35.44581250000002,0.8309123493587057,54,3.2256296296296294
대출 사기형,152.mp3,213.2753125,0.052045584,0.13259337783664665,0.0,204.296,8.97931250000002,0.9578980220694787,22,9.286181818181818
대출 사기형,153.mp3,189.6141875,0.045478664,0.16698279430686805,0.0,179.648,9.966187500000018,0.9474396529531841,24,7.485333333333333
대출 사기형,154.mp3,121.896,0.06388714,0.15751248257053807,0.0,104.188,17.708,0.854728621119643,33,3.157212121212121
대출 사기형,155.mp3,147.192,0.051520124,0.14740170686141305,0.0,135.764,11.427999999999997,0.9223599108647209,27,5.028296296296297
대출 사기형,156.mp3,106.176,0.09760828,0.10782924191209702,0.0,95.376,10.799999999999997,0.8982820976491863,20,4.768800000000001
대출 사기형,157.mp3,76.488,0.11515622,0.10462288595253032,8.171216399958163e-07,67.076,9.412000000000006,0.87694801798975,15,4.471733333333333
대출 사기형,158.mp3,46.0016875,0.046025578,0.09957440075191237,0.0,42.608,3.3936875000000057,0.9262268911330698,4,10.652
대출 사기형,159.mp3,263.5233125,0.026253501,0.08449868289749271,0.0,248.712,14.811312499999985,0.9437950579799274,38,6.5450526315789475
대출 사기형,16.mp3,158.7084375,0.05171773,0.09139138498613911,0.0,118.2744375,40.434,0.7452309364459593,45,2.6283208333333334
대출 사기형,160.mp3,66.385875,0.03768608,0.10832690135542168,0.0,47.856,18.529874999999997,0.7208762406159444,20,2.3928000000000003
대출 사기형,161.mp3,112.4078125,0.2253325,0.1347362975466126,8.340167637369511e-06,95.7538125,16.65400000000001,0.8518430380450647,36,2.6598281249999998
대출 사기형,162.mp3,188.2674375,0.10370646,0.09846700931551665,0.0,177.656,10.611437499999994,0.9436363630327735,26,6.832923076923077
대출 사기형,163.mp3,751.9318125,0.07646087,0.1094776932478296,0.0,630.096,121.83581249999997,0.8379695998033067,164,3.8420487804878047
대출 사기형,164.mp3,149.93125,0.08338909,0.1399528057311673,0.0,128.408,21.52325000000002,0.8564458710242193,42,3.0573333333333332
대출 사기형,165.mp3,392.4869375,0.035647027,0.09394549561542068,0.0,348.192,44.2949375,0.8871429001379186,112,3.108857142857143
대출 사기형,166.mp3,137.1603125,0.063194096,0.11686345984225566,0.0,124.2663125,12.894000000000005,0.9059932150562867,24,5.177763020833333
대출 사기형,167.mp3,117.5394375,0.17009802,0.11996754006192162,0.0,104.36,13.179437500000006,0.8878722088490512,22,4.743636363636363
대출 사기형,168.mp3,78.9014375,0.13418934,0.08363133141980941,0.0,74.7114375,4.189999999999998,0.9468957710688097,16,4.66946484375
대출 사기형,169.mp3,217.687125,0.060853217,0.16363723667407762,1.6652339912156035e-05,189.122,28.565124999999995,0.8687789872735928,56,3.377178571428572
대출 사기형,17.mp3,217.687125,0.060853217,0.16363723667407762,1.6652339912156035e-05,189.122,28.565124999999995,0.8687789872735928,56,3.377178571428572
대출 사기형,170.mp3,158.7084375,0.05171773,0.09139138498613911,0.0,118.2744375,40.434,0.7452309364459593,45,2.6283208333333334
대출 사기형,171.mp3,159.0335,0.096889816,0.12317538040744466,0.0,124.768,34.2655,0.7845391065404459,64,1.9495
대출 사기형,172.mp3,130.7980625,0.046247717,0.08434759987310421,0.0,119.96,10.838062499999992,0.9171389675592481,26,4.613846153846153
대출 사기형,173.mp3,259.6310625,0.022167202,0.10841408368252403,0.0,195.744,63.887062499999985,0.7539313598117714,88,2.2243636363636363
대출 사기형,174.mp3,288.182875,0.062527664,0.09191430973101265,0.0,234.064,54.11887500000003,0.812206485204924,68,3.4421176470588235
대출 사기형,175.mp3,509.979875,0.0696046,0.1564582173166217,0.0,405.064,104.91587499999997,0.7942744799488412,94,4.3091914893617025
대출 사기형,176.mp3,79.6676875,0.0948687,0.1673922251506024,0.0,68.7336875,10.933999999999997,0.862754896707652,14,4.909549107142857
대출 사기형,177.mp3,66.951875,0.15538876,0.08097793426003344,3.7340253727024075e-06,55.864,11.087875000000004,0.8343903736825892,18,3.1035555555555554
대출 사기형,178.mp3,103.6539375,0.025950478,0.10953067732445988,0.0,78.132,25.521937499999993,0.7537774433315667,27,2.893777777777778
대출 사기형,179.mp3,556.9770625,0.15104821,0.11763474048998908,5.947282613635459e-06,392.6910625,164.286,0.7050399180486898,168,2.337446800595238
대출 사기형,18.mp3,78.9014375,0.13418934,0.08363133141980941,0.0,74.7114375,4.189999999999998,0.9468957710688097,16,4.66946484375
대출 사기형,180.mp3,40.707,0.08777584,0.13370812978692065,0.0,31.028,9.679000000000002,0.7622276266981108,11,2.8207272727272725
대출 사기형,181.mp3,383.339,0.0645996,0.11465984974958264,0.0,342.045,41.29399999999998,0.892278114149617,92,3.7178804347826087
대출 사기형,182.mp3,103.6016875,0.04685717,0.06547598223247375,0.0,92.2996875,11.301999999999992,0.8909091128462556,26,3.549987980769231
대출 사기형,183.mp3,83.382875,0.05040557,0.15828612906513814,0.0,63.096875,20.286,0.7567126343388855,24,2.629036458333333
대출 사기형,184.mp3,103.6016875,0.04685717,0.06547598223247375,0.0,92.2996875,11.301999999999992,0.8909091128462556,26,3.549987980769231
대출 사기형,185.mp3,83.382875,0.05040557,0.15828612906513814,0.0,63.096875,20.286,0.7567126343388855,24,2.629036458333333
대출 사기형,19.mp3,117.5394375,0.17009802,0.11996754006192162,0.0,104.36,13.179437500000006,0.8878722088490512,22,4.743636363636363
대출 사기형,2.mp3,103.6016875,0.04685717,0.06547598223247375,0.0,92.2996875,11.301999999999992,0.8909091128462556,26,3.549987980769231
대출 사기형,20.mp3,137.1603125,0.063194096,0.11686345984225566,0.0,124.2663125,12.894000000000005,0.9059932150562867,24,5.177763020833333
대출 사기형,21.mp3,392.4869375,0.035647027,0.09394549561542068,0.0,348.192,44.2949375,0.8871429001379186,112,3.108857142857143
대출 사기형,22.mp3,149.93125,0.08338909,0.1399528057311673,0.0,128.408,21.52325000000002,0.8564458710242193,42,3.0573333333333332
대출 사기형,23.mp3,751.9318125,0.07646087,0.1094776932478296,0.0,630.096,121.83581249999997,0.8379695998033067,164,3.8420487804878047
대출 사기형,24.mp3,188.2674375,0.10370646,0.09846700931551665,0.0,177.656,10.611437499999994,0.9436363630327735,26,6.832923076923077
대출 사기형,25.mp3,112.4078125,0.2253325,0.1347362975466126,8.340167637369511e-06,95.7538125,16.65400000000001,0.8518430380450647,36,2.6598281249999998
대출 사기형,26.mp3,66.385875,0.03768608,0.10832690135542168,0.0,47.856,18.529874999999997,0.7208762406159444,20,2.3928000000000003
대출 사기형,27.mp3,263.5233125,0.026253501,0.08449868289749271,0.0,248.712,14.811312499999985,0.9437950579799274,38,6.5450526315789475
대출 사기형,28.mp3,46.0016875,0.046025578,0.09957440075191237,0.0,42.608,3.3936875000000057,0.9262268911330698,4,10.652
대출 사기형,29.mp3,76.488,0.11515622,0.10462288595253032,8.171216399958163e-07,67.076,9.412000000000006,0.87694801798975,15,4.471733333333333
대출 사기형,3.mp3,83.382875,0.05040557,0.15828612906513814,0.0,63.096875,20.286,0.7567126343388855,24,2.629036458333333
대출 사기형,30.mp3,106.176,0.09760828,0.10782924191209702,0.0,95.376,10.799999999999997,0.8982820976491863,20,4.768800000000001
대출 사기형,31.mp3,147.192,0.051520124,0.14740170686141305,0.0,135.764,11.427999999999997,0.9223599108647209,27,5.028296296296297
대출 사기형,32.mp3,121.896,0.06388714,0.15751248257053807,0.0,104.188,17.708,0.854728621119643,33,3.157212121212121
대출 사기형,33.mp3,189.6141875,0.045478664,0.16698279430686805,0.0,179.648,9.966187500000018,0.9474396529531841,24,7.485333333333333
대출 사기형,34.mp3,213.2753125,0.052045584,0.13259337783664665,0.0,204.296,8.97931250000002,0.9578980220694787,22,9.286181818181818
대출 사기형,35.mp3,209.6298125,0.07479773,0.17309738017096626,0.0,174.184,35.44581250000002,0.8309123493587057,54,3.2256296296296294
대출 사기형,36.mp3,238.167125,0.069135495,0.1470096561996171,0.0,226.448,11.719124999999991,0.9507945313611188,28,8.087428571428571
대출 사기형,37.mp3,276.7586875,0.08188087,0.16859387871791537,0.0,259.472,17.286687500000028,0.9375387719310526,36,7.207555555555555
대출 사기형,38.mp3,80.968,0.05347804,0.14062789380432636,0.0,62.876,18.092000000000006,0.7765537002272502,33,1.9053333333333333
대출 사기형,39.mp3,190.612625,0.11013592,0.09258237092391304,0.0,166.364,24.248625000000004,0.8727858398676372,25,6.65456
대출 사기형,4.mp3,103.6016875,0.04685717,0.06547598223247375,0.0,92.2996875,11.301999999999992,0.8909091128462556,26,3.549987980769231
대출 사기형,40.mp3,141.9668125,0.062882945,0.10817878246844714,0.0,126.948,15.01881250000001,0.8942089898651489,23,5.5194782608695645
대출 사기형,41.mp3,883.9836875,0.09092644,0.09585333003393665,0.0,746.488,137.49568749999992,0.8444590217622088,194,3.847876288659794
대출 사기형,42.mp3,159.05675,0.05349471,0.12714004900296721,0.0,137.27075,21.786,0.8630300191598281,31,4.428088709677419
대출 사기형,43.mp3,377.185,0.038323745,0.15050668913831863,0.0,321.656,55.528999999999996,0.8527804658191603,90,3.5739555555555556
대출 사기형,44.mp3,116.030125,0.06393785,0.09753182311776062,0.0,96.964,19.066125,0.835679527191753,31,3.1278709677419356
대출 사기형,45.mp3,521.10225,0.10974803,0.08234178907929075,0.0,461.152,59.95025000000004,0.8849549200756665,104,4.434153846153846
대출 사기형,46.mp3,166.9050625,0.11290183,0.09999206168519939,0.0,144.388,22.51706250000001,0.8650905960386911,31,4.6576774193548385
대출 사기형,47.mp3,126.4094375,0.05449635,0.123584589937674,0.0,106.584,19.825437499999992,0.8431648942350527,26,4.099384615384616
대출 사기형,48.mp3,246.15475,0.06166061,0.17339747528191213,0.0,242.62,3.5347500000000025,0.9856401308526446,9,26.95777777777778
대출 사기형,49.mp3,146.587625,0.054766476,0.08913909439123553,0.0,121.937625,24.650000000000006,0.8318411939616321,35,3.483932142857143
대출 사기형,5.mp3,383.339,0.0645996,0.11465984974958264,0.0,342.045,41.29399999999998,0.892278114149617,92,3.7178804347826087
대출 사기형,50.mp3,82.6863125,0.13395871,0.09206217951818886,0.0,72.2683125,10.418000000000006,0.8740057491377426,21,3.441348214285714
대출 사기형,51.mp3,155.5273125,0.14070612,0.095062764381043,0.0,120.24,35.2873125,0.7731117966820137,44,2.7327272727272724
대출 사기형,52.mp3,78.8114375,0.046909925,0.08902261279435647,0.0,69.816,8.995437499999994,0.8858612685500122,18,3.8786666666666667
대출 사기형,53.mp3,386.5890625,0.03755685,0.11331018877783296,0.0,329.2,57.38906250000002,0.8515502168403949,60,5.486666666666666
대출 사기형,54.mp3,310.8571875,0.13101609,0.14085564566713846,0.003541819344292948,264.8831875,45.97399999999999,0.8521057197688248,86,3.0800370639534886
대출 사기형,55.mp3,241.9055,0.12702334,0.09606449187748016,3.6171149477791947e-06,238.356,3.5494999999999948,0.9853269148489803,11,21.66872727272727
대출 사기형,56.mp3,118.8861875,0.08914374,0.11347164815157428,0.0,98.948,19.938187500000012,0.8322918084996206,31,3.1918709677419352
대출 사기형,57.mp3,44.1991875,0.25160012,0.0694292126447178,0.0,39.252,4.947187499999998,0.8880706234701713,11,3.5683636363636366
대출 사기형,58.mp3,34.9460625,0.03844656,0.09379690716491308,0.0,27.9240625,7.021999999999995,0.7990617684038082,12,2.3270052083333335
대출 사기형,59.mp3,24.6335,0.06359553,0.09700753348214286,0.0,21.4035,3.2300000000000004,0.8688777477824913,8,2.6754375
대출 사기형,6.mp3,40.707,0.08777584,0.13370812978692065,0.0,31.028,9.679000000000002,0.7622276266981108,11,2.8207272727272725
대출 사기형,60.mp3,89.2343125,0.109839536,0.21863812774515956,2.8016128885399324e-06,69.8,19.434312500000004,0.782210318480349,14,4.985714285714286
대출 사기형,61.mp3,22.4914375,0.028273404,0.18371252111486486,0.0,18.18,4.3114375,0.8083076059500421,7,2.597142857142857
대출 사기형,62.mp3,146.8604375,0.1292534,0.13481509140114378,0.0,141.36,5.500437499999975,0.9625464992912065,20,7.0680000000000005
대출 사기형,63.mp3,50.547,0.05449234,0.0977851191653481,0.0,34.2,16.346999999999994,0.6765980176865097,18,1.9000000000000001
대출 사기형,64.mp3,98.899625,0.021228574,0.12223933900841152,0.0,83.016,15.883624999999995,0.8393965093396462,22,3.7734545454545456
대출 사기형,65.mp3,101.124,0.035408054,0.15481404223347042,0.0,85.188,15.935999999999993,0.8424112970214787,15,5.6792
대출 사기형,66.mp3,888.2678125,0.09147457,0.11601343680202818,9.147016120208679e-07,836.312,51.95581249999998,0.941508842526026,98,8.533795918367346
대출 사기형,67.mp3,405.5510625,0.09607102,0.11698184706387092,0.0,289.736,115.81506250000001,0.7144254491997539,102,2.840549019607843
대출 사기형,68.mp3,42.1878125,0.035310786,0.1020163535348749,0.0,36.984,5.203812499999998,0.8766512840645625,10,3.6984000000000004
대출 사기형,69.mp3,105.11675,0.14703353,0.10005202387747336,1.7837309467806035e-06,94.10275,11.013999999999996,0.8952212658781783,26,3.6193365384615386
대출 사기형,7.mp3,556.9770625,0.15104821,0.11763474048998908,5.947282613635459e-06,392.6910625,164.286,0.7050399180486898,168,2.337446800595238
대출 사기형,70.mp3,123.062875,0.08823551,0.08742049877307592,0.0,114.708,8.354875000000007,0.9321088914914428,19,6.037263157894737
대출 사기형,71.mp3,90.227,0.089225136,0.12742530335771277,0.0,57.276,32.951,0.6347988961175701,25,2.29104
대출 사기형,72.mp3,202.1878125,0.111987844,0.13868756119935907,0.0,121.764,80.42381250000001,0.602232144927133,71,1.7149859154929576
대출 사기형,73.mp3,243.0694375,0.048836313,0.09564983574825565,0.0,188.812,54.25743749999998,0.7767821489281227,37,5.103027027027028
대출 사기형,74.mp3,273.8416875,0.052378714,0.0845412370004674,0.0,232.196,41.64568749999998,0.8479205708955472,63,3.6856507936507934
대출 사기형,75.mp3,207.7025,0.0762991,0.11725783476640733,0.0,149.0325,58.66999999999999,0.7175286768334518,76,1.960953947368421
대출 사기형,76.mp3,450.1420625,0.050090723,0.08124854907540698,0.0,381.084,69.0580625,0.8465860708140333,121,3.1494545454545455
대출 사기형,77.mp3,199.3898125,0.08301453,0.13034170754092442,0.0,170.448,28.941812499999997,0.8548480880887533,28,6.087428571428572
대출 사기형,78.mp3,726.204125,0.07865696,0.08764160027154755,0.0,634.846125,91.35799999999995,0.8741979054442854,144,4.408653645833334
대출 사기형,79.mp3,1576.7510625,0.11984554,0.11173900305878862,0.0,1144.64,432.1110624999999,0.7259484564323864,352,3.251818181818182
대출 사기형,8.mp3,103.6539375,0.025950478,0.10953067732445988,0.0,78.132,25.521937499999993,0.7537774433315667,27,2.893777777777778
대출 사기형,80.mp3,150.326,0.044729352,0.1060569116844934,0.0,143.08,7.245999999999981,0.951798092146402,22,6.503636363636364
대출 사기형,81.mp3,153.158875,0.15156175,0.0960020914390537,0.0,124.704,28.454875,0.8142133454558216,24,5.196
대출 사기형,82.mp3,468.16075,0.098872095,0.15618862694151117,0.0,400.156,68.00475,0.8547405992492964,105,3.811009523809524
대출 사기형,83.mp3,192.5166875,0.027738223,0.14487500259680905,0.0,130.184,62.33268749999999,0.6762218989457732,54,2.410814814814815
대출 사기형,84.mp3,494.6083125,0.065610744,0.09241192552322572,0.0,429.476,65.13231250000001,0.8683153702557314,95,4.5208
대출 사기형,85.mp3,49.240875,0.026704902,0.10281159894818064,0.0,42.862875,6.378,0.8704734633574241,11,3.8966250000000002
대출 사기형,86.mp3,32.9665625,0.016962273,0.12764836930164888,0.0,26.36,6.606562500000003,0.7995980775975656,10,2.636
대출 사기형,87.mp3,40.2025,0.015888566,0.14685728669451073,0.0,39.4645,0.7379999999999995,0.9816429326534419,1,39.4645
대출 사기형,88.mp3,22.7788125,0.017951014,0.10670591204353932,0.0,20.9488125,1.8300000000000018,0.9196621860775226,2,10.47440625
대출 사기형,89.mp3,56.2155625,0.03929859,0.14218572140011382,0.0,55.28,0.9355624999999961,0.9833575889238857,4,13.82
대출 사기형,9.mp3,66.951875,0.15538876,0.08097793426003344,3.7340253727024075e-06,55.864,11.087875000000004,0.8343903736825892,18,3.1035555555555554
대출 사기형,90.mp3,93.9711875,0.02309638,0.10169300758639768,0.0,85.356,8.615187500000005,0.908320968062684,13,6.565846153846153
대출 사기형,91.mp3,115.9140625,0.14043024,0.1134734357749103,0.0,106.552,9.362062499999993,0.91923272898834,18,5.919555555555556
대출 사기형,92.mp3,163.2363125,0.07209663,0.08322936700681105,0.0,145.4263125,17.810000000000002,0.8908943743751869,37,3.9304408783783784
대출 사기형,93.mp3,41.5405,0.056012843,0.07570389181581987,0.0,39.1825,2.358000000000004,0.9432361189682357,6,6.5304166666666665
대출 사기형,94.mp3,128.3135,0.04275537,0.11385026204021197,0.0,102.552,25.761499999999998,0.7992300108718101,42,2.4417142857142857
대출 사기형,95.mp3,233.59275,0.13186508,0.13489732716181507,8.561909562689767e-06,105.256,128.33675,0.45059617646523703,70,1.5036571428571428
대출 사기형,96.mp3,58.7233125,0.16257603,0.09486964273556645,0.0,52.76,5.963312500000001,0.898450679191505,10,5.276
대출 사기형,97.mp3,167.8570625,0.13165574,0.10729817584230843,0.0,135.8310625,32.02600000000001,0.8092067171734284,39,3.4828477564102562
대출 사기형,98.mp3,177.4005,0.18696167,0.10840055127164502,1.374009656117091e-05,164.628,12.772500000000008,0.9280018940194644,27,6.097333333333332
대출 사기형,99.mp3,228.972,0.105756,0.12141233372781582,0.0,213.626,15.346000000000004,0.9329787048198033,29,7.366413793103448
바로 이 목소리,1.wav,186.9670625,0.06438839,0.12324384212412288,0.0,167.192,19.77506249999999,0.8942323731486128,18,9.288444444444444
바로 이 목소리,10.wav,168.5304375,0.10755949,0.12729057397474844,0.0,153.328,15.202437500000002,0.9097941136003993,20,7.6664
바로 이 목소리,11.wav,167.0908125,0.116201,0.1000893343367005,3.5160520869452356e-05,140.984,26.10681249999999,0.8437567445547014,34,4.146588235294118
바로 이 목소리,12.wav,239.39775,0.07023166,0.111493104283614,0.0,207.536,31.86175,0.8669087324337844,36,5.764888888888889
바로 이 목소리,13.wav,178.3060625,0.03356844,0.11889959472568634,0.0,120.22,58.0860625,0.6742339453544941,41,2.9321951219512195
바로 이 목소리,14.wav,164.81525,0.044313427,0.08811708663973015,0.0,113.848,50.96724999999999,0.6907613221470708,34,3.348470588235294
바로 이 목소리,15.wav,163.189875,0.014757792,0.0958963311887255,0.0,124.284,38.905874999999995,0.7615913671114707,25,4.971360000000001
바로 이 목소리,16.wav,182.3695625,0.029818228,0.08831568667763158,0.0,145.936,36.433562499999994,0.8002212540264223,20,7.2968
바로 이 목소리,17.wav,164.60625,0.027681256,0.10508165611634915,0.0,128.848,35.758249999999975,0.7827649314652392,20,6.442400000000001
바로 이 목소리,18.wav,179.86175,0.033425942,0.12063309256026508,0.0,119.744,60.11775,0.665755781871354,40,2.9936
바로 이 목소리,19.wav,177.1218125,0.025440898,0.11664241724620665,0.0,138.364,38.7578125,0.7811799012614553,25,5.53456
바로 이 목소리,2.wav,216.897625,0.1408485,0.0941647401441953,0.0,189.036,27.861625000000004,0.8715448129042446,53,3.5667169811320756
바로 이 목소리,20.wav,143.151,0.040314484,0.12396548547859856,0.0,99.544,43.60700000000001,0.6953776082598095,26,3.8286153846153845
바로 이 목소리,21.wav,319.2279375,0.06238618,0.1248832647572925,0.0,265.636,53.59193749999997,0.8321201523911109,47,5.6518297872340435
바로 이 목소리,22.wav,184.8540625,0.041323543,0.1043147766736628,0.0,149.876,34.97806249999999,0.8107801255382202,27,5.550962962962963
바로 이 목소리,23.wav,132.8645625,0.054786317,0.16464213557970142,0.0,98.628,34.236562500000005,0.7423198341544232,23,4.288173913043479
바로 이 목소리,24.wav,172.059875,0.13174695,0.08606989986284173,0.0,120.224,51.835875,0.6987335077396749,40,3.0056000000000003
바로 이 목소리,25.wav,135.5813125,0.06662466,0.08221264124085438,0.0,102.916,32.6653125,0.7590721619544729,15,6.861066666666667
바로 이 목소리,26.wav,189.265875,0.10765648,0.0904579194843618,0.0,152.616,36.64987499999998,0.8063577229651147,30,5.0872
바로 이 목소리,27.wav,148.956,0.03511512,0.12508265641783028,0.0,111.976,36.97999999999999,0.7517387684953947,22,5.089818181818182
바로 이 목소리,28.wav,202.50125,0.06359797,0.08172211064642913,0.0,169.864,32.637249999999995,0.8388293899420374,14,12.133142857142857
바로 이 목소리,29.wav,206.1235625,0.065217696,0.12541680512166253,0.0,168.328,37.79556249999999,0.8166363804235143,22,7.651272727272727
바로 이 목소리,3.wav,163.375625,0.094240844,0.12326605647767333,0.0,140.656,22.719625000000008,0.8609362626768834,28,5.023428571428572
바로 이 목소리,30.wav,413.779625,0.07766531,0.08762067506138349,0.0,293.732,120.04762499999998,0.7098754560474069,71,4.137070422535212
바로 이 목소리,31.wav,401.7284375,0.07525951,0.07379568959080048,3.0026502666991307e-05,298.276,103.45243749999997,0.7424816671087667,63,4.734539682539682
바로 이 목소리,32.wav,386.8444375,0.08561888,0.0686694127926214,0.0,268.308,118.53643750000003,0.6935811245831859,75,3.5774399999999997
바로 이 목소리,33.wav,316.4415625,0.079251125,0.08360723957806654,0.0,240.996,75.44556249999997,0.7615813741281221,31,7.774064516129033
바로 이 목소리,34.wav,363.0904375,0.04429477,0.08144468423647219,0.0,279.744,83.34643749999998,0.7704526781981142,64,4.371
바로 이 목소리,35.wav,410.57525,0.07727078,0.07183903059484842,1.0046879347939264e-05,324.66,85.91524999999996,0.7907442058428997,59,5.5027118644067805
바로 이 목소리,36.wav,493.168625,0.082633115,0.1017142245591909,0.0,393.66,99.508625,0.7982259617590232,73,5.392602739726028
바로 이 목소리,37.wav,449.7705625,0.043459408,0.10892993316910927,5.558389562233745e-07,338.02,111.7505625,0.7515387359305001,95,3.5581052631578944
바로 이 목소리,38.wav,343.7946875,0.07755603,0.11224519753757911,0.0,263.216,80.5786875,0.7656197421607919,44,5.982181818181818
바로 이 목소리,39.wav,387.6339375,0.04686487,0.08755567228516592,0.0,312.888,74.74593750000003,0.8071739074703694,42,7.449714285714285
바로 이 목소리,4.wav,46.95075,0.15467994,0.07044488142881472,0.00011315048215417219,33.768,13.182749999999999,0.7192217376719222,6,5.628
바로 이 목소리,40.wav,415.9390625,0.118939534,0.09301485480854296,0.0,328.008,87.9310625,0.7885962862648901,54,6.074222222222222
바로 이 목소리,41.wav,409.20525,0.037508283,0.11614709591022834,3.0547017664118435e-06,317.732,91.47324999999995,0.7764612013164544,63,5.0433650793650795
바로 이 목소리,42.wav,333.5546875,0.048212662,0.09048679729470453,0.0,241.168,92.3866875,0.7230238669633446,76,3.173263157894737
바로 이 목소리,43.wav,267.6564375,0.02464567,0.11877218133592349,0.0,190.512,77.14443749999998,0.7117781353568229,36,5.292
바로 이 목소리,44.wav,300.0250625,0.050847244,0.0991873887618654,0.0,226.988,73.03706249999999,0.7565634620941043,61,3.7211147540983607
바로 이 목소리,45.wav,296.751,0.05596471,0.08483599773223528,0.0,235.932,60.81899999999999,0.7950503957863664,25,9.43728
바로 이 목소리,46.wav,245.8296875,0.036520753,0.06560859049606274,0.0,179.708,66.12168750000001,0.7310264347140741,49,3.6675102040816325
바로 이 목소리,47.wav,370.40475,0.08108927,0.0643931443557792,4.049624093643507e-06,212.468,157.93675,0.5736103546188325,67,3.1711641791044776
바로 이 목소리,48.wav,344.5376875,0.073806636,0.07760456574486858,7.256100248829818e-07,247.624,96.91368750000001,0.7187138272064939,46,5.3831304347826086
바로 이 목소리,49.wav,216.59575,0.055262785,0.06541994928626828,0.0,139.064,77.53175000000002,0.6420439920912575,18,7.725777777777777
바로 이 목소리,5.wav,398.38475,0.08978755,0.12795608214106427,0.0,374.632,23.752749999999992,0.9403773613322297,62,6.042451612903226
바로 이 목소리,50.wav,301.7665625,0.09529519,0.07652600963577563,0.0,221.384,80.38256250000003,0.7336266754206738,30,7.379466666666667
바로 이 목소리,51.wav,270.8375625,0.099791616,0.08021363689227906,0.0,193.712,77.1255625,0.7152331390517517,44,4.4025454545454545
바로 이 목소리,52.wav,324.9865,0.088785425,0.09120532197715636,0.0,230.204,94.78249999999997,0.7083494237452941,57,4.038666666666667
바로 이 목소리,53.wav,389.9095,0.11780715,0.060937299638387364,1.1380846068126066e-05,295.616,94.2935,0.7581656769070771,40,7.3904
바로 이 목소리,54.wav,335.04075,0.09114868,0.1046038239542546,4.850156286959124e-06,241.584,93.45675,0.7210585578022972,52,4.645846153846154
바로 이 목소리,55.wav,389.2825625,0.063246906,0.08280573325507562,0.0,308.288,80.99456249999997,0.7919388888630223,56,5.505142857142857
바로 이 목소리,56.wav,384.894,0.12141766,0.0729683716510434,1.7862060723212106e-05,288.348,96.54599999999999,0.7491621069697112,65,4.436123076923077
바로 이 목소리,57.wav,397.7810625,0.09024915,0.07983278635568337,0.0,313.088,84.6930625,0.7870862379226512,64,4.892
바로 이 목소리,58.wav,311.0545,0.081940874,0.07988519337966773,6.429741411874768e-06,212.74,98.31450000000001,0.683931593981119,63,3.376825396825397
바로 이 목소리,59.wav,372.5409375,0.11813953,0.07808607842295139,9.394940656689575e-06,285.064,87.47693749999996,0.7651883895310164,54,5.2789629629629635
바로 이 목소리,6.wav,74.9308125,0.14722791,0.08122293812713492,0.0,59.868,15.0628125,0.7989770563344686,9,6.652
바로 이 목소리,60.wav,349.808625,0.1029648,0.07744604250994785,3.752051568196753e-05,265.204,84.604625,0.7581402545463252,51,5.200078431372549
바로 이 목소리,61.wav,297.3315,0.05810317,0.08990270948800043,1.072035758068015e-05,194.904,102.42750000000001,0.6555107682838851,66,2.953090909090909
바로 이 목소리,62.wav,308.7093125,0.09473781,0.08212325822061567,2.4699611224070216e-05,226.472,82.2373125,0.7336092266410007,54,4.193925925925926
바로 이 목소리,63.wav,398.6634375,0.08851884,0.08635461030931456,8.779335325928905e-06,310.676,87.9874375,0.7792939376337967,59,5.265694915254237
바로 이 목소리,64.wav,342.3085625,0.057370625,0.09187359969445223,1.5702207273883193e-05,232.86,109.44856249999998,0.6802634392179425,65,3.582461538461539
바로 이 목소리,65.wav,271.9056875,0.11455649,0.09971268515385973,0.0,190.832,81.0736875,0.7018315863657688,44,4.337090909090909
바로 이 목소리,66.wav,248.4303125,0.15356569,0.07432868246071613,0.0007731041275407968,157.616,90.8143125,0.634447537475927,60,2.6269333333333336
바로 이 목소리,67.wav,167.1604375,0.0769967,0.12080343576521822,9.870756649581035e-05,103.548,63.6124375,0.6194527936671619,33,3.137818181818182
바로 이 목소리,68.wav,205.1250625,0.09101825,0.09105588478299018,0.0,133.672,71.45306250000002,0.6516609836499135,38,3.5176842105263155
바로 이 목소리,69.wav,197.3231875,0.03787642,0.13466586265607264,0.0,166.104,31.219187499999975,0.8417865234413975,18,9.228000000000002
바로 이 목소리,7.wav,173.0815625,0.14637043,0.1167332512941394,3.611014315866255e-07,155.464,17.61756249999999,0.8982123673629304,22,7.066545454545454
바로 이 목소리,70.wav,241.998375,0.057567637,0.09046270442863281,0.0,204.556,37.442375,0.8452784032124183,29,7.0536551724137935
바로 이 목소리,71.wav,130.5890625,0.08652382,0.09341761937944132,0.0,98.528,32.061062500000006,0.7544889144142527,16,6.158
바로 이 목소리,72.wav,251.263125,0.025141854,0.1109042680208864,0.0,189.008,62.25512499999999,0.7522313510985745,44,4.295636363636364
바로 이 목소리,73.wav,168.391125,0.047619876,0.1089956380332035,0.0,135.856,32.535124999999994,0.8067883625101976,20,6.7928
바로 이 목소리,74.wav,120.0471875,0.1070927,0.08640118499300373,8.330057711681084e-06,87.02,33.02718750000001,0.7248816220704878,21,4.143809523809524
바로 이 목소리,75.wav,359.3055625,0.18733592,0.08621505803889483,0.0003292810141229027,273.384,85.9215625,0.760867708525943,78,3.504923076923077
바로 이 목소리,76.wav,186.1079375,0.04523371,0.11852187795520977,3.3582662211814584e-07,145.244,40.86393749999999,0.7804288304468476,25,5.80976
바로 이 목소리,77.wav,157.779625,0.120126076,0.07584797153848104,0.0,107.392,50.387625000000014,0.6806455523011922,32,3.356
바로 이 목소리,78.wav,180.001125,0.11658246,0.10187702741734803,3.0208144532430006e-05,109.136,70.865125,0.6063073216903505,28,3.8977142857142857
바로 이 목소리,79.wav,163.8864375,0.08951989,0.10792750634517767,2.7458037825735274e-05,110.996,52.890437500000004,0.6772738592234028,19,5.841894736842105
바로 이 목소리,8.wav,184.598625,0.07594481,0.10508406664391576,0.0,156.092,28.506624999999985,0.8455750956974897,41,3.8071219512195125
바로 이 목소리,80.wav,225.953375,0.10365962,0.10729313247840555,4.702297542579304e-05,169.104,56.84937499999998,0.7484021869556055,28,6.039428571428572
바로 이 목소리,81.wav,160.2409375,0.09069085,0.10874417338508387,1.2481205060348577e-05,77.24,83.0009375,0.48202413943066197,42,1.8390476190476188
바로 이 목소리,82.wav,147.307375,0.10580885,0.09047234317305604,4.2852572724210175e-05,88.72,58.58737500000001,0.602278059737335,36,2.464444444444444
바로 이 목소리,83.wav,159.21925,0.09721959,0.10608371354376005,1.5701618993934466e-05,99.996,59.22324999999999,0.6280396371669883,25,3.99984
바로 이 목소리,84.wav,144.8925,0.11721816,0.11465551153931096,1.2077919837120624e-05,88.796,56.096500000000006,0.6128405542039788,25,3.5518400000000003
바로 이 목소리,85.wav,172.7565,0.09865012,0.09309250700361178,2.5324662169006666e-05,127.844,44.912499999999994,0.7400242537907402,7,18.26342857142857
바로 이 목소리,86.wav,123.8088125,0.08766072,0.08853422258559432,2.3726097849456395e-05,72.824,50.984812500000004,0.5881972254600213,18,4.0457777777777775
바로 이 목소리,87.wav,186.0615,0.21063536,0.09356098519453998,0.0001058117880378262,141.432,44.62950000000001,0.760135761562709,34,4.159764705882353
바로 이 목소리,88.wav,202.385125,0.114398815,0.12320806571146245,6.361633543967226e-05,168.576,33.809124999999995,0.832946591307044,32,5.268
바로 이 목소리,89.wav,514.531,0.088043824,0.09990665568641169,6.559371544182955e-06,389.216,125.31499999999994,0.7564481051676187,184,2.115304347826087
바로 이 목소리,9.wav,202.7101875,0.11001704,0.10767468676006314,4.624829228180749e-06,180.468,22.2421875,0.8902759265614117,35,5.156228571428571
바로 이 목소리,90.wav,243.5076875,0.15089668,0.10530975381898817,0.0005769838375225834,192.32,51.18768750000001,0.7897902607284215,56,3.434285714285714
바로 이 목소리,91.wav,202.2690625,0.14104244,0.09592667917457681,3.306239677657081e-05,130.84,71.42906249999999,0.646861158018172,50,2.6168
바로 이 목소리,92.wav,90.6739375,0.13265225,0.07240122039299576,5.100693901155445e-05,47.972,42.70193749999999,0.5290605142188736,15,3.1981333333333333
바로 이 목소리,93.wav,69.776,0.09649705,0.07965006734296194,2.060163953221738e-05,26.208,43.568,0.3756019261637239,8,3.276
바로 이 목소리,94.wav,271.0465625,0.14494929,0.10150923924271042,3.873873146795581e-05,175.468,95.5785625,0.6473721650685018,69,2.543014492753623
수사기관 사칭형,1.mp3,613.0483125,0.078501,0.12602751114906305,0.0009124484785201982,485.9983125,127.04999999999995,0.7927569533926415,163,2.9815847392638037
수사기관 사칭형,10.mp3,374.131875,0.057282407,0.11682333540027369,1.4032485203245514e-05,285.301875,88.82999999999998,0.7625703503610859,112,2.547338169642857
수사기관 사칭형,100.mp3,31.092875,0.1090215,0.13763000739454734,2.2111174987838854e-05,21.468,9.624875,0.6904475703838903,9,2.3853333333333335
수사기관 사칭형,101.mp3,1127.8490625,0.20078099,0.09791974399577257,0.0001545530388734973,839.856,287.99306249999995,0.7446528333661668,268,3.1337910447761193
수사기관 사칭형,102.mp3,344.159875,0.12673187,0.19682987200720595,4.5037208361375655e-05,289.537875,54.622000000000014,0.8412888777345121,64,4.524029296875
수사기관 사칭형,103.mp3,125.721625,0.1348835,0.08641708191492746,0.0,100.308,25.413624999999996,0.7978579659624986,43,2.332744186046512
수사기관 사칭형,104.mp3,67.2329375,0.16337965,0.10300481126605614,7.436831091903429e-06,46.2,21.032937500000003,0.6871631928918768,26,1.776923076923077
수사기관 사칭형,105.mp3,92.155625,0.180884,0.10511525472005208,0.0007263528406432054,67.388,24.767624999999995,0.731241310554836,33,2.0420606060606064
수사기관 사칭형,106.mp3,98.92575,0.05326892,0.14208068452862224,0.0,64.4,34.52574999999999,0.6509932954766581,28,2.3000000000000003
수사기관 사칭형,107.mp3,49.572625,0.21385664,0.09526619203629032,0.00011220910734503166,40.164,9.408625,0.8102052291965576,15,2.6776
수사기관 사칭형,108.mp3,41.8478125,0.05923905,0.09502221903669725,0.0,36.02,5.8278125,0.8607379417980331,11,3.274545454545455
수사기관 사칭형,109.mp3,700.7041875,0.097286455,0.12791390052744542,0.0005067223891822396,624.7701875,75.93399999999997,0.8916318735429278,120,5.206418229166667
수사기관 사칭형,11.mp3,293.4949375,0.062051274,0.1351914603378489,0.0,249.6129375,43.882000000000005,0.8504846442198002,75,3.3281725
수사기관 사칭형,110.mp3,77.8680625,0.22304966,0.07013335655043139,0.0,52.544,25.324062499999997,0.67478242443749,24,2.1893333333333334
수사기관 사칭형,111.mp3,104.607125,0.09384128,0.09365186577508412,0.0,76.448,28.159125000000003,0.7308106402886037,40,1.9111999999999998
수사기관 사칭형,112.mp3,23.0170625,0.12206467,0.09279649522569444,1.08615076315668e-05,17.8030625,5.214000000000002,0.7734723968360427,8,2.2253828125
수사기관 사칭형,113.mp3,36.9905,0.09938512,0.14289449407980104,0.0,20.784,16.2065,0.5618739946743083,12,1.732
수사기관 사칭형,114.mp3,279.1899375,0.18478604,0.11536241941260746,0.0015173362041388042,218.276,60.913937499999975,0.7818190080722376,87,2.5089195402298854
수사기관 사칭형,115.mp3,27.7815,0.12641245,0.16582345907652474,0.0,19.44,8.3415,0.6997462340046434,12,1.62
수사기관 사칭형,116.mp3,87.03675,0.1049759,0.10893823960248161,1.507983696541978e-05,71.076,15.960750000000004,0.8166205654508009,23,3.090260869565217
수사기관 사칭형,117.mp3,701.5350625,0.10991293,0.1532253868653925,2.8865271434669025e-05,622.4890625,79.04599999999994,0.8873242347740816,146,4.263623715753425
수사기관 사칭형,118.mp3,882.58475,0.1782024,0.11685725822350532,0.0005279946203466579,621.61075,260.97399999999993,0.7043071501065479,220,2.8255034090909095
수사기관 사칭형,119.mp3,76.84325,0.092565365,0.12145010180318484,0.0,67.75325,9.090000000000003,0.8817072416900639,25,2.71013
수사기관 사칭형,12.mp3,320.0955,0.11630151,0.11305968560994202,0.0001191050795778135,255.2975,64.798,0.7975666636988024,88,2.901107954545455
수사기관 사칭형,120.mp3,134.291375,0.16614024,0.12259977830146533,0.0,122.64,11.651374999999987,0.9132380988726939,28,4.38
수사기관 사칭형,121.mp3,421.7730625,0.06253319,0.17859798935257187,0.0,351.452,70.32106249999998,0.8332727507935621,97,3.623216494845361
수사기관 사칭형,122.mp3,647.459125,0.32398024,0.12032674736829099,0.007682627841564516,572.541125,74.918,0.884289220574349,146,3.9215145547945203
수사기관 사칭형,123.mp3,186.5109375,0.1915947,0.20600660490650197,0.003937101543977816,161.444,25.066937500000023,0.8656007104141009,39,4.1395897435897435
수사기관 사칭형,124.mp3,564.2450625,0.13969101,0.11756537591093405,0.0002512206298659459,483.748,80.49706250000003,0.8573367002214574,143,3.382853146853147
수사기관 사칭형,125.mp3,306.47475,0.30726865,0.08449207942354876,0.0040629366693340965,284.252,22.222749999999962,0.9274891324652358,33,8.61369696969697
수사기관 사칭형,126.mp3,687.17225,0.19434595,0.07500668473515716,0.0009278968992126792,444.472,242.70024999999998,0.6468130807086578,154,2.886181818181818
수사기관 사칭형,127.mp3,105.3184375,0.03221262,0.171674911480483,0.0,82.6244375,22.694000000000003,0.7845201605844181,34,2.4301305147058825
수사기관 사칭형,128.mp3,2359.8434375,0.2897674,0.08126329918529479,0.004644243480665229,1849.9574375,509.8860000000002,0.783932276227541,360,5.138770659722222
수사기관 사칭형,129.mp3,1796.1991875,0.03519842,0.07102567142238385,0.0,1058.6891875,737.5100000000002,0.5894052256941018,242,4.374748708677686
수사기관 사칭형,13.mp3,331.3384375,0.039596688,0.1170565529182762,0.0,242.3764375,88.96199999999999,0.7315071542220332,129,1.8788871124031008
수사기관 사칭형,130.mp3,1701.3883125,0.09814014,0.11141591993219734,3.320817451542239e-05,1221.9983125,479.3899999999999,0.7182359861779056,376,3.2499955119680854
수사기관 사칭형,131.mp3,2122.3561875,0.24532403,0.08342044858620183,0.0016465485485338686,1520.572,601.7841875000001,0.716454669086972,321,4.736984423676012
수사기관 사칭형,132.mp3,3643.5575625,0.19555281,0.1068056977003961,0.0009633956482881831,2457.6075625,1185.9500000000003,0.6745076811174984,904,2.718592436393805
수사기관 사칭형,133.mp3,1457.219125,0.09157716,0.11020094683609104,1.2866973592595416e-06,1038.169125,419.0500000000002,0.7124317181878874,395,2.6282762658227847
수사기관 사칭형,134.mp3,892.52575,0.082483955,0.12489142692124983,0.0,542.724,349.80174999999997,0.6080765737010949,87,6.238206896551724
수사기관 사칭형,135.mp3,3109.302875,0.11264037,0.11118398137594426,1.2080682233312508e-05,2160.888,948.4148749999999,0.6949750754017491,658,3.2840243161094222
수사기관 사칭형,136.mp3,1876.232375,0.053323876,0.11957069524361282,9.99343165049052e-07,1293.136,583.0963750000001,0.6892195323087312,404,3.2008316831683166
수사기관 사칭형,137.mp3,1451.461,0.15725644,0.12371543460917349,4.736606770695182e-07,1221.663,229.798,0.8416781436084056,322,3.7939844720496896
수사기관 사칭형,138.mp3,99.244375,0.07095864,0.12131018672429078,0.0,86.386375,12.858000000000004,0.8704410199570505,23,3.755929347826087
수사기관 사칭형,139.mp3,785.6584375,0.15046307,0.10286344973805596,0.00017262590653460653,682.2084375,103.45000000000005,0.8683270043796862,207,3.2956929347826085
수사기관 사칭형,14.mp3,164.394375,0.057770435,0.11950583808753407,0.0,137.464,26.930374999999998,0.8361843280830016,42,3.272952380952381
수사기관 사칭형,140.mp3,586.23125,0.29477733,0.09893132505458516,4.477755152083755e-06,475.76925,110.46200000000005,0.8115726515773425,168,2.8319598214285713
수사기관 사칭형,141.mp3,144.6421875,0.070116185,0.121772980431597,0.0,117.696,26.946187500000008,0.8137045078912402,48,2.452
수사기관 사칭형,142.mp3,615.9564375,0.0563466,0.09027668137792873,1.0146821462516171e-07,518.6424375,97.31399999999996,0.8420115545914723,137,3.7857112226277376
수사기관 사칭형,143.mp3,46.9376875,0.052707907,0.1547059395236878,2.7962604676679053e-05,39.3716875,7.5660000000000025,0.8388075680123781,12,3.2809739583333335
수사기관 사칭형,144.mp3,91.6878125,0.19059825,0.1361686243348744,0.0,82.6538125,9.034000000000006,0.9014700018064015,19,4.350200657894737
수사기관 사칭형,145.mp3,198.07925,0.04213606,0.12236675206987076,0.0,165.31325,32.76599999999999,0.834581360743238,64,2.58301953125
수사기관 사칭형,146.mp3,64.2464375,0.11678463,0.11383080957420319,0.0,47.828,16.418437499999996,0.7444459469056164,19,2.517263157894737
수사기관 사칭형,147.mp3,195.75775,0.07674623,0.10792276632477935,0.0,158.032,37.72574999999998,0.8072834919690282,52,3.0390769230769235
수사기관 사칭형,148.mp3,388.1315,0.06923232,0.17094251565076257,0.0,325.4495,62.682000000000016,0.8385031877082896,95,3.4257842105263157
수사기관 사칭형,149.mp3,555.622875,0.23820429,0.09838032013972875,0.0024151948387654124,394.292875,161.33000000000004,0.709641184229501,205,1.9233798780487803
수사기관 사칭형,15.mp3,338.4306875,0.18323682,0.10740927091705275,0.0021365157673533964,245.888,92.54268749999997,0.7265534984914748,112,2.1954285714285713
수사기관 사칭형,150.mp3,341.9635625,0.09510971,0.10298805097606906,4.5874770648992756e-05,255.664,86.29956250000004,0.7476352104034475,100,2.55664
수사기관 사칭형,151.mp3,125.489,0.051817194,0.11428594905341663,0.0,90.668,34.821,0.7225175114950315,45,2.0148444444444444
수사기관 사칭형,152.mp3,116.6198125,0.08300704,0.154321389531893,3.697913679976119e-05,95.776,20.8438125,0.8212669695383021,24,3.9906666666666664
수사기관 사칭형,153.mp3,350.6789375,0.16138436,0.11167587891516105,0.0011156928978661572,260.164,90.51493750000003,0.7418865867870948,71,3.664281690140845
수사기관 사칭형,154.mp3,466.18125,0.07525579,0.11281636227821058,2.1987156283098043e-05,411.83925,54.341999999999985,0.8834316051964767,98,4.202441326530612
수사기관 사칭형,155.mp3,73.299625,0.04655496,0.1553829864142296,0.0,66.505625,6.794000000000011,0.9073119405453983,11,6.045965909090909
수사기관 사칭형,156.mp3,399.363,0.055516902,0.1041618025023035,1.8779907001900526e-06,376.821,22.541999999999973,0.9435551115150879,60,6.28035
수사기관 사칭형,157.mp3,528.311875,0.19642437,0.08533482311856451,0.0003254469720181853,477.481875,50.829999999999984,0.9037878904387678,116,4.1162230603448275
수사기관 사칭형,158.mp3,193.73025,0.07230945,0.1190007128664327,3.2261353092766873e-07,156.668,37.062250000000006,0.8086914666140161,49,3.1973061224489796
수사기관 사칭형,159.mp3,445.5015625,0.03479445,0.11687998312024135,4.349030762378078e-06,377.9955625,67.50599999999997,0.8484719119251125,61,6.196648565573771
수사기관 사칭형,16.mp3,523.782875,0.11720006,0.12985554821614026,0.00027730956266945535,416.536,107.24687499999999,0.7952455490263977,130,3.204123076923077
수사기관 사칭형,160.mp3,245.856625,0.044307034,0.11471457533511192,0.0,214.008,31.848625,0.8704585446904268,58,3.689793103448276
수사기관 사칭형,161.mp3,416.102125,0.05864375,0.13815832358072516,1.5170554584406412e-05,349.056125,67.04599999999999,0.8388712867063585,130,2.6850471153846156
수사기관 사칭형,162.mp3,280.345875,0.081506476,0.08863868012355895,0.0,246.275875,34.069999999999965,0.8784715487609727,78,3.157383012820513
수사기관 사칭형,163.mp3,103.061375,0.07447822,0.1060319182222136,0.0,86.547375,16.513999999999996,0.8397653825208523,25,3.461895
수사기관 사칭형,164.mp3,86.256,0.10716544,0.09760463273136127,0.0,73.768,12.488,0.855221665739195,14,5.269142857142858
수사기관 사칭형,165.mp3,57.432,0.06034178,0.13384265102715878,0.0,48.166,9.266000000000005,0.8386613734503412,21,2.2936190476190474
수사기관 사칭형,166.mp3,147.1478125,0.14562456,0.11039923335915416,1.8263948028449283e-05,141.784,5.3638124999999945,0.9635481329360571,18,7.876888888888889
수사기관 사칭형,167.mp3,143.616,0.17499287,0.08142951868456226,0.0,126.572,17.04400000000001,0.8813224153297682,37,3.420864864864865
수사기관 사칭형,168.mp3,674.0753125,0.14864546,0.12554293907993117,0.0,543.264,130.81131249999999,0.8059396182084625,128,4.24425
수사기관 사칭형,169.mp3,237.2150625,0.022094056,0.08828550508818966,0.0,204.8330625,32.38199999999998,0.8634909619198402,64,3.2005166015625
수사기관 사칭형,17.mp3,146.850125,0.102891326,0.09506272126906318,6.852224334163828e-05,108.568,38.28212499999999,0.7393115940486943,42,2.584952380952381
수사기관 사칭형,170.mp3,51.1768125,0.19298442,0.12256927490234375,1.2212562085612502e-06,33.468,17.708812499999993,0.6539680446100469,17,1.9687058823529413
수사기관 사칭형,171.mp3,65.248125,0.02879498,0.11848671109068627,0.0,41.46,23.788125,0.6354205580620133,27,1.5355555555555556
수사기관 사칭형,173.mp3,499.25225,0.09251732,0.14481416645301884,0.0,416.204,83.04825,0.8336547306496866,117,3.557299145299145
수사기관 사칭형,174.mp3,302.1380625,0.02965326,0.09110122160294429,0.0,239.6120625,62.52599999999998,0.7930548720586967,80,2.99515078125
수사기관 사칭형,175.mp3,127.268625,0.07808132,0.1520479335564354,0.0,90.92,36.348625,0.7143944550355597,22,4.132727272727273
수사기관 사칭형,176.mp3,88.5376875,0.024260137,0.1209391658384532,0.0,73.588,14.94968750000001,0.8311488822203538,19,3.873052631578947
수사기관 사칭형,177.mp3,16.2075625,0.032505207,0.12171878852317554,3.856224524816733e-06,8.716,7.491562500000002,0.5377736473328422,5,1.7431999999999999
수사기관 사칭형,178.mp3,37.221625,0.050953586,0.16337622154209622,0.0,31.127625,6.094000000000005,0.8362779701316102,12,2.5939687499999997
수사기관 사칭형,179.mp3,28.4676875,0.05817708,0.11808944873595506,0.0,25.8456875,2.622,0.9078955745878551,8,3.2307109375
수사기관 사칭형,18.mp3,284.6424375,0.20511924,0.08762002848892761,0.0012197320366187491,250.1204375,34.52200000000002,0.8787180144211629,63,3.970165674603175
수사기관 사칭형,180.mp3,137.7408125,0.05733159,0.13416085946573753,0.0,106.872,30.868812500000004,0.775892039986333,42,2.5445714285714285
수사기관 사칭형,181.mp3,167.230125,0.15238659,0.10047811573143896,0.0,131.26,35.970124999999996,0.7849064275949085,49,2.6787755102040816
수사기관 사칭형,182.mp3,151.997875,0.14393952,0.10324917763157895,0.0,117.52,34.477875,0.7731687038387872,36,3.2644444444444445
수사기관 사칭형,183.mp3,431.751875,0.026268074,0.11980959166326985,0.0,380.388,51.36387500000001,0.8810338113760363,95,4.004084210526315
수사기관 사칭형,184.mp3,31.997125,0.054563586,0.1455986328125,0.0,25.048,6.949125000000002,0.7828203315141594,10,2.5048
수사기관 사칭형,185.mp3,140.945125,0.055651426,0.13375181789160046,0.0,119.095125,21.849999999999994,0.8449751277314487,39,3.053721153846154
수사기관 사칭형,186.mp3,166.9050625,0.054515336,0.1114974694749329,0.0,145.104,21.8010625,0.8693804599246353,36,4.030666666666667
수사기관 사칭형,187.mp3,1357.485,0.030938832,0.11464145547637429,2.762461463662582e-06,1130.256,227.22899999999981,0.8326103050862441,340,3.324282352941177
수사기관 사칭형,188.mp3,1555.67025,0.02769592,0.07990104206842025,0.0,1345.508,210.16224999999986,0.8649056572239523,359,3.747933147632312
수사기관 사칭형,189.mp3,2848.9259375,0.03274218,0.12357544552722989,1.755047379149357e-07,2335.4119375,513.5140000000001,0.8197517200286993,539,4.332860737476809
수사기관 사칭형,19.mp3,169.510375,0.25585386,0.09919123003373914,0.0003403184023396798,141.116,28.394374999999997,0.8324918165038571,41,3.4418536585365858
수사기관 사칭형,190.mp3,1917.70125,0.032057423,0.14135903918595338,0.0,1412.216,505.4852500000002,0.7364108460585296,450,3.1382577777777776
수사기관 사칭형,191.mp3,936.307,0.16150506,0.11782545297013841,0.0,778.588,157.71900000000005,0.8315520443615181,265,2.9380679245283017
수사기관 사칭형,192.mp3,826.6304375,0.05911615,0.12587290692863778,0.0,740.86,85.77043749999996,0.8962408912023639,161,4.601614906832298
수사기관 사칭형,193.mp3,3281.3453125,0.09501784,0.12455445044243635,7.618826310283368e-07,2812.352,468.99331250000023,0.857072856455122,712,3.949932584269663
수사기관 사칭형,194.mp3,1522.3699375,0.21739407,0.10238494728717815,1.9706116930596576e-06,1292.3279375,230.04200000000014,0.8488921816350566,175,7.384731071428571
수사기관 사칭형,195.mp3,2273.976625,0.04948663,0.1584253396242014,7.420920608627628e-07,1805.46,468.51662499999975,0.7939659450105386,563,3.2068561278863235
수사기관 사칭형,196.mp3,280.1371875,0.06789673,0.0989631482902627,0.0,207.0511875,73.08599999999998,0.7391063976466887,64,3.2351748046875
수사기관 사칭형,197.mp3,38.66125,0.050756693,0.09860494533188585,0.0,37.49125,1.1700000000000017,0.9697371399010637,5,7.4982500000000005
수사기관 사칭형,198.mp3,15.4000625,0.02421099,0.05573902684128631,0.0,11.644,3.7560625000000005,0.7561008275128753,1,11.644
수사기관 사칭형,199.mp3,20.6474375,0.011499929,0.07624141350619196,0.0,18.228,2.4194374999999972,0.8828214154904211,3,6.0760000000000005
수사기관 사칭형,2.mp3,178.3360625,0.03223973,0.0652228643871098,0.0,136.1420625,42.19399999999999,0.7634017516788003,53,2.5687181603773586
수사기관 사칭형,20.mp3,209.911625,0.23696128,0.08688086532964939,0.0028774013826056563,180.028,29.883624999999995,0.8576371127611442,49,3.6740408163265306
수사기관 사칭형,200.mp3,28.4279375,0.03558878,0.11265510756467942,0.0,24.072,4.3559375,0.8467726510233111,6,4.012
수사기관 사칭형,201.mp3,28.2049375,0.0261691,0.10888339710884354,0.0,24.0789375,4.126000000000001,0.8537135563587048,8,3.0098671875
수사기관 사칭형,202.mp3,22.4235,0.024291212,0.13723280358416548,0.0,21.5215,0.902000000000001,0.9597743438803041,2,10.76075
수사기관 사칭형,203.mp3,22.5645,0.0317816,0.13110628209100567,0.0,21.812,0.7524999999999977,0.9666511555762372,3,7.270666666666667
수사기관 사칭형,204.mp3,596.4278125,0.11900453,0.08511109727922635,0.0,546.428,49.99981249999996,0.9161678723692988,105,5.20407619047619
수사기관 사칭형,205.mp3,759.0139375,0.054985344,0.12243722333473862,0.0,648.508,110.50593749999996,0.8544085529391218,81,8.006271604938272
수사기관 사칭형,206.mp3,163.9096875,0.07486645,0.11210434254831153,0.0,133.568,30.341687499999978,0.8148877716577918,40,3.3392000000000004
수사기관 사칭형,207.mp3,327.3404375,0.026663937,0.12868263341581135,0.0,286.108,41.2324375,0.8740380570915562,81,3.5321975308641975
수사기관 사칭형,208.mp3,3046.75375,0.122701466,0.10949492153037432,5.128409212592255e-06,2490.984,555.7697499999999,0.817586258817274,750,3.321312
수사기관 사칭형,209.mp3,2595.0621875,0.102452405,0.11506921219334185,2.7215147421202215e-06,1909.396,685.6661875000002,0.7357804407143903,739,2.5837564276048712
수사기관 사칭형,21.mp3,47.199375,0.04736389,0.11012149099576271,0.0,36.628,10.571375000000003,0.7760272249367708,11,3.329818181818182
수사기관 사칭형,210.mp3,147.934375,0.056746665,0.10491656865130868,0.0,123.288,24.646374999999992,0.8333965651999409,34,3.6261176470588232
수사기관 사칭형,211.mp3,289.0188125,0.101022854,0.08504743550708592,0.0,159.08,129.9388125,0.5504139977047342,78,2.0394871794871796
수사기관 사칭형,212.mp3,2563.970625,0.09079221,0.11802667950468018,2.803269245723125e-06,2299.664,264.3066249999997,0.8969151118882263,460,4.999269565217392
수사기관 사칭형,213.mp3,184.0181875,0.026050579,0.11126444721570161,0.0,134.1961875,49.822,0.7292550226862766,56,2.396360491071429
수사기관 사칭형,214.mp3,436.8370625,0.046104785,0.09605381337212496,0.0,361.8790625,74.95800000000003,0.8284074167814,100,3.618790625
수사기관 사칭형,215.mp3,2269.7738125,0.101470135,0.15728396726440133,8.536092844713794e-07,1817.308,452.4658125000001,0.8006559904743812,561,3.239408199643494
수사기관 사칭형,216.mp3,2648.1894375,0.092072375,0.09300383643821898,0.0,1732.92,915.2694375000001,0.6543791676912464,674,2.571097922848665
수사기관 사칭형,217.mp3,1469.1265625,0.042272765,0.18018760780028206,0.0,1215.356,253.7705625000001,0.8272643290390442,369,3.2936476964769645
수사기관 사칭형,218.mp3,349.7535,0.12008392,0.10146153791171089,6.558190268288952e-05,311.988,37.765499999999975,0.8920225244350665,59,5.287932203389831
수사기관 사칭형,219.mp3,292.5714375,0.18636885,0.09285482660915455,0.0011057128568813216,264.948,27.623437500000023,0.9055839567387708,51,5.195058823529411
수사기관 사칭형,22.mp3,74.66125,0.038411096,0.15313433048146957,0.0,62.76,11.901249999999997,0.8405966950727453,14,4.482857142857143
수사기관 사칭형,220.mp3,243.647,0.036877807,0.10816879011935251,0.0,193.432,50.215,0.7939026542497958,66,2.9307878787878785
수사기관 사칭형,221.mp3,297.456375,0.05352673,0.11375372093844127,2.3112632902892063e-05,232.64,64.816375,0.782097879058736,64,3.635
수사기관 사칭형,222.mp3,442.967125,0.014004722,0.13600232433585566,0.0,388.888,54.07912500000003,0.8779161659005732,82,4.742536585365853
수사기관 사칭형,223.mp3,674.5165,0.07562794,0.11405954886231558,1.8531792773045582e-07,574.388,100.12849999999992,0.8515551509859286,195,2.9455794871794874
수사기관 사칭형,224.mp3,62.8335,0.080478214,0.11881394396003055,0.0,40.748,22.085500000000003,0.6485075636404147,21,1.9403809523809523
수사기관 사칭형,225.mp3,148.898,0.09949264,0.11147406380935754,0.0,111.68,37.21799999999999,0.750043654045051,48,2.3266666666666667
수사기관 사칭형,226.mp3,160.5225,0.1253659,0.10780718603622683,0.0,124.584,35.938500000000005,0.7761154978274074,38,3.278526315789474
수사기관 사칭형,227.mp3,96.496375,0.08706857,0.10643268453663793,1.2953854484171037e-06,79.504,16.992374999999996,0.8239065975276274,20,3.9752
수사기관 사칭형,23.mp3,63.1536875,0.056437843,0.08006773603723404,0.0,50.792,12.361687499999995,0.8042602421275876,14,3.628
수사기관 사칭형,24.mp3,44.5465625,0.12036445,0.09955609520818377,0.0,29.616,14.9305625,0.6648324435808037,12,2.468
수사기관 사칭형,25.mp3,731.7775,0.0901978,0.14057014869337311,0.0002544318457454623,662.172,69.6055,0.9048816067725504,89,7.440134831460674
수사기관 사칭형,26.mp3,263.4710625,0.11175269,0.10999860524957493,0.0,192.072,71.39906250000001,0.7290060554562799,78,2.4624615384615387
수사기관 사칭형,27.mp3,285.8801875,0.09510036,0.1265294450973808,0.0,221.14,64.74018749999999,0.7735408386773918,75,2.9485333333333332
수사기관 사칭형,28.mp3,243.5031875,0.1786186,0.11054103615719447,2.566701513917554e-07,228.1131875,15.389999999999986,0.9367975419212942,32,7.128537109375
수사기관 사칭형,29.mp3,1254.66125,0.030515479,0.12808851682649391,0.0,995.15125,259.5100000000001,0.7931632940763891,190,5.237638157894737
수사기관 사칭형,3.mp3,72.7975,0.36078382,0.1679779790521978,0.0017840585184930801,53.588,19.2095,0.7361241800886019,11,4.871636363636363
수사기관 사칭형,30.mp3,536.0654375,0.06611516,0.10416796851683281,0.0,411.384,124.68143750000002,0.7674137730619874,186,2.211741935483871
수사기관 사칭형,31.mp3,732.8549375,0.5056483,0.08553383966875164,0.06939964841268467,607.8409375,125.01400000000001,0.8294150812076639,190,3.1991628289473684
수사기관 사칭형,32.mp3,383.0385,0.40331307,0.07655075187969924,0.03055355401611065,316.932,66.10649999999998,0.8274155208941139,103,3.0770097087378643
수사기관 사칭형,33.mp3,1716.9449375,0.07031179,0.1594617812878576,0.0,1358.9389375,358.00599999999986,0.7914866154523957,406,3.3471402401477834
수사기관 사칭형,34.mp3,1412.8143125,0.09013914,0.11824813565944146,0.0,1102.9443125,309.8699999999999,0.7806718142232864,268,4.11546385261194
수사기관 사칭형,35.mp3,212.4304375,0.28901196,0.09039903293982528,0.004344657530538674,170.7124375,41.71800000000002,0.8036157130260582,54,3.161341435185185
수사기관 사칭형,36.mp3,224.869875,0.18442588,0.09659047959945931,0.001357451726248347,182.039875,42.83000000000001,0.8095342917765218,60,3.0339979166666664
수사기관 사칭형,37.mp3,215.7535,0.2853958,0.06562404414763458,0.014446173526733054,152.276,63.47749999999999,0.7057869281378981,67,2.272776119402985
수사기관 사칭형,38.mp3,124.7480625,0.04208826,0.07933098831431136,0.0,114.0980625,10.650000000000006,0.9146279325981516,23,4.960785326086956
수사기관 사칭형,39.mp3,2320.392,0.13404505,0.09733827765150732,9.133693789670021e-05,1667.972,652.4199999999998,0.7188319904567849,615,2.7121495934959348
수사기관 사칭형,4.mp3,307.321875,0.03512749,0.2184080912738182,0.0,217.872,89.44987499999996,0.7089374942802233,84,2.593714285714286
수사기관 사칭형,40.mp3,104.7376875,0.17135523,0.13123386315478008,0.0,80.3076875,24.430000000000007,0.7667506264161121,44,1.825174715909091
수사기관 사칭형,41.mp3,597.81225,0.31258988,0.08084773905028905,1.0454787435352821e-06,488.368,109.44424999999995,0.816925380836542,148,3.299783783783784
수사기관 사칭형,42.mp3,522.2300625,0.095021464,0.12964564304725795,0.0,456.5720625,65.65800000000002,0.8742738024584711,111,4.113261824324325
수사기관 사칭형,43.mp3,575.726375,0.23129559,0.09841483367607826,9.444590757197809e-06,433.708375,142.01799999999997,0.7533237903161897,185,2.3443695945945944
수사기관 사칭형,44.mp3,50.2466875,0.1308784,0.12448188106699555,0.0002039935468382866,35.456,14.790687499999997,0.705638555775443,16,2.216
수사기관 사칭형,45.mp3,116.1375625,0.098572545,0.08485884232954545,5.381549143499546e-06,93.5075625,22.629999999999995,0.8051448686121685,42,2.226370535714286
수사기관 사칭형,46.mp3,255.5569375,0.13639729,0.12060235089050958,0.0006483388853413538,205.3989375,50.158000000000015,0.8037306265653618,84,2.445225446428571
수사기관 사칭형,47.mp3,1673.7436875,0.10614523,0.11987286483725265,5.227801643314637e-07,1313.364,360.37968750000005,0.7846864545680325,483,2.7191801242236027
수사기관 사칭형,48.mp3,42.612,0.108845524,0.14009896126595345,0.0,28.392,14.220000000000002,0.6662911855815263,14,2.028
수사기관 사칭형,49.mp3,20.628875,0.17765139,0.12727258963178295,6.059467615175331e-05,12.2,8.428875000000001,0.5914040392411122,6,2.033333333333333
수사기관 사칭형,5.mp3,158.026375,0.17826438,0.09789836394639603,0.0,124.248,33.778375,0.786248498075084,50,2.48496
수사기관 사칭형,50.mp3,231.7898125,0.1895034,0.10775667524416759,3.2356900931528214e-06,195.24,36.5498125,0.8423148450495425,62,3.1490322580645165
수사기관 사칭형,51.mp3,198.9624375,0.12563281,0.11052047420291894,7.539111496862316e-06,159.756,39.20643749999999,0.8029455308618242,69,2.315304347826087
수사기관 사칭형,52.mp3,802.690625,0.07997751,0.08569477059248555,0.0,602.968,199.722625,0.7511835584226488,194,3.108082474226804
수사기관 사칭형,53.mp3,59.389125,0.103339486,0.08938388166756465,0.0,48.248,11.141125000000002,0.8124046279516662,18,2.6804444444444444
수사기관 사칭형,54.mp3,409.141375,0.094618574,0.09767458059596433,0.0,370.935375,38.20599999999996,0.9066190751302041,72,5.151880208333334
수사기관 사칭형,55.mp3,226.2988125,0.10361158,0.12773781340586116,0.0,192.5888125,33.71000000000001,0.8510376628688672,44,4.3770184659090905
수사기관 사칭형,56.mp3,481.6936875,0.07394215,0.13180045090679599,1.2975050664329081e-05,420.5356875,61.158000000000015,0.8730354962353539,98,4.291180484693878
수사기관 사칭형,57.mp3,334.901125,0.10384367,0.11028857953731129,2.985955929529947e-06,292.359125,42.54199999999997,0.8729714628459371,60,4.8726520833333336
수사기관 사칭형,58.mp3,779.3195625,0.26391742,0.10975740076707112,0.00858569490869158,635.492,143.8275625,0.8154446912142026,167,3.805341317365269
수사기관 사칭형,58.wav,783.83025,0.26208803,0.10959544916692182,0.0052662869288344,635.808,148.02224999999999,0.8111552214270883,168,3.7845714285714287
수사기관 사칭형,59.mp3,68.505375,0.15016739,0.11047197936127978,0.00038956797185622294,55.416,13.089375000000004,0.808929226356326,18,3.0786666666666664
수사기관 사칭형,6.mp3,428.257125,0.0515076,0.13408048439367903,1.152928862537897e-05,369.632,58.62512499999997,0.8631076482381934,96,3.8503333333333334
수사기관 사칭형,60.mp3,139.9965,0.30397978,0.09380669642857142,0.011778865900218934,104.864,35.13249999999999,0.7490472976110117,48,2.1846666666666668
수사기관 사칭형,61.mp3,40.43025,0.11561867,0.12026784389833861,9.738994935722633e-05,33.78025,6.649999999999999,0.835519196641129,15,2.252016666666667
수사기관 사칭형,62.mp3,37.016625,0.014107595,0.12494809110306827,0.0,30.908,6.108624999999996,0.8349761762451332,9,3.4342222222222225
수사기관 사칭형,63.mp3,351.6926875,0.14208359,0.11292651196149121,0.0001517660215781427,287.096,64.59668749999997,0.8163263275128517,106,2.7084528301886794
수사기관 사칭형,64.mp3,80.4651875,0.005591575,0.11805145688369781,0.0,66.384,14.081187499999999,0.8250027379852933,20,3.3192
수사기관 사칭형,65.mp3,248.1025,0.13828257,0.097829673595886,3.5519593716306767e-05,201.968,46.1345,0.8140506443909271,76,2.657473684210526
수사기관 사칭형,66.mp3,337.05675,0.04680966,0.14720520865471332,0.0,302.13475,34.922000000000025,0.8963913346936383,43,7.02638953488372
수사기관 사칭형,67.mp3,1087.4445625,0.03236994,0.07050239274048789,0.0,1002.5345625,84.91000000000008,0.9219178586862444,252,3.978311755952381
수사기관 사칭형,68.mp3,788.6971875,0.072588384,0.084648260786049,4.7546765215262037e-07,738.8431875,49.85400000000004,0.936789428452222,120,6.1570265625
수사기관 사칭형,69.mp3,539.5574375,0.04863445,0.09053122984558475,0.0,445.0194375,94.53800000000001,0.8247860312369432,147,3.027343112244898
수사기관 사칭형,7.mp3,325.9856875,0.079729885,0.12090036416924323,0.0,267.4036875,58.581999999999994,0.8202927237411305,62,4.312962701612903
수사기관 사칭형,70.mp3,54.987625,0.12945332,0.15557992701061663,0.0,35.873625,19.114000000000004,0.6523945160388359,19,1.8880855263157894
수사기관 사칭형,71.mp3,55.429375,0.022218935,0.0671864293313618,0.0,43.356,12.073374999999999,0.7821845366288183,17,2.5503529411764707
수사기관 사칭형,72.mp3,120.152375,0.15263619,0.11514100990346204,3.225071497754414e-05,97.152,23.000375000000005,0.8085732803866756,32,3.036
수사기관 사칭형,73.mp3,70.40225,0.10966088,0.1129120996138119,0.0,49.636,20.766249999999992,0.7050342851258306,31,1.6011612903225807
수사기관 사칭형,74.mp3,21.029875,0.07251942,0.09351995868161095,0.0,14.763875,6.266,0.7020429270264327,7,2.109125
수사기관 사칭형,75.mp3,739.750375,0.2413377,0.06948938344174453,0.00011667787258641132,627.38,112.37037499999997,0.8480969002550354,195,3.2173333333333334
수사기관 사칭형,76.mp3,153.8089375,0.15097088,0.09363521784636988,0.0,132.828,20.98093750000001,0.8635909080380976,41,3.239707317073171
수사기관 사칭형,77.mp3,217.2341875,0.1002944,0.10791569427566652,2.0427263549389526e-05,190.216,27.018187499999982,0.8756264480700121,54,3.5225185185185186
수사기관 사칭형,78.mp3,1127.3404375,0.09374115,0.11865117952561738,1.7740869869222623e-06,780.064,347.27643750000004,0.6919506956832638,408,1.9119215686274509
수사기관 사칭형,79.mp3,258.8425,0.2795266,0.12296791939671159,0.0011515207124023297,216.4485,42.39399999999998,0.8362170045490984,47,4.605287234042553
수사기관 사칭형,8.mp3,233.916625,0.032005787,0.09299025842168263,0.0,198.464,35.45262500000001,0.8484390538722931,64,3.101
수사기관 사칭형,80.mp3,293.7731875,0.18900608,0.10985886698752859,0.0006065478661152492,226.2911875,67.482,0.77029217480918,87,2.6010481321839083
수사기관 사칭형,81.mp3,29.3909375,0.1092927,0.09342323942464635,0.0,20.6129375,8.777999999999999,0.7013365089153757,11,1.8739034090909092
수사기관 사칭형,82.mp3,137.9288125,0.14574064,0.113237869875029,0.0004322882138929457,102.752,35.1768125,0.744964000904452,32,3.211
수사기관 사칭형,83.mp3,154.667875,0.17679913,0.07068744828299545,0.002834703069399512,116.741875,37.926000000000016,0.7547907088010357,50,2.3348375
수사기관 사칭형,84.mp3,226.68875,0.24074914,0.127879584399259,3.143076134126639e-05,170.67075,56.018,0.7528858401663073,61,2.7978811475409837
수사기관 사칭형,85.mp3,117.4725625,0.29759562,0.09513213379970044,0.011683579303890643,92.148,25.3245625,0.7844214686301748,35,2.6328
수사기관 사칭형,86.mp3,429.6340625,0.06387393,0.1764056114196209,2.909452739213386e-07,383.3680625,46.26600000000002,0.8923130076540428,95,4.0354532894736845
수사기관 사칭형,87.mp3,247.08875,0.10177399,0.12356696219000907,0.0001287492854288186,210.34,36.74875,0.8512730749578845,55,3.8243636363636364
수사기관 사칭형,88.mp3,2070.4388125,0.27879283,0.06968536098671602,0.005229084740218566,1637.052,433.38681250000013,0.790678763417936,401,4.082423940149626
수사기관 사칭형,89.mp3,155.7943125,0.26730904,0.11727705332845553,0.0008452651312287154,123.888,31.906312499999984,0.7952023280695822,44,2.8156363636363637
수사기관 사칭형,9.mp3,350.15875,0.10948156,0.0744284213509778,0.0,295.89675,54.262,0.8450360015278784,86,3.4406598837209303
수사기관 사칭형,90.mp3,120.2424375,0.13954236,0.11571823859100586,1.0395664176385314e-06,102.18,18.062437499999987,0.8497831724344411,31,3.2961290322580648
수사기관 사칭형,91.mp3,72.176375,0.08992245,0.09122439986425089,0.0,53.016,19.160374999999995,0.7345339801285393,18,2.945333333333333
수사기관 사칭형,92.mp3,144.64,0.116526596,0.07919120493253705,0.0,124.248,20.39199999999998,0.8590154867256639,34,3.654352941176471
수사기관 사칭형,93.mp3,569.0240625,0.14263897,0.13637028363640838,0.0005776337446186645,444.0620625,124.96199999999999,0.7803924153031754,193,2.300839702072539
수사기관 사칭형,94.mp3,58.6710625,0.116902426,0.1217944895038168,8.841667048385224e-05,45.828,12.843062499999995,0.7811005638426951,15,3.0552
수사기관 사칭형,95.mp3,544.182875,0.162067,0.15740796676540633,0.00010302143374136866,440.552,103.63087499999995,0.8095660856655955,166,2.6539277108433734
수사기관 사칭형,96.mp3,881.4690625,0.10744271,0.09429096301413999,3.5593988870142566e-05,602.2350625,279.2339999999999,0.683217469699908,321,1.8761216900311528
수사기관 사칭형,97.mp3,75.297125,0.10532241,0.113590107596113,1.5770854464894906e-05,53.212,22.08512499999999,0.7066936486618846,17,3.1301176470588237
수사기관 사칭형,98.mp3,134.631375,0.20870821,0.08974801995455085,0.0,121.052,13.579374999999985,0.8991366239853081,25,4.84208
수사기관 사칭형,99.mp3,246.63525,0.24826275,0.10769990644865723,0.0025074984212516255,220.14125,26.494,0.8925782101301416,56,3.93109375
